block,tree,commit,lib,pp,tg
0,prefix,e076078,36439ac055c4,544.95,39.07
0,current,8914192,fb402f52e85f,566.64,36.48
1,current,8914192,fb402f52e85f,542.61,35.92
1,prefix,e076078,36439ac055c4,549.2,37.02
2,prefix,e076078,36439ac055c4,548.26,35.18
2,current,8914192,fb402f52e85f,535.43,41.46
3,current,8914192,fb402f52e85f,544.09,38.39
3,prefix,e076078,36439ac055c4,490.36,39.85
4,prefix,e076078,36439ac055c4,536.03,36.27
4,current,8914192,fb402f52e85f,530.01,40.46
5,current,8914192,fb402f52e85f,539.6,37.21
5,prefix,e076078,36439ac055c4,530.87,41.21
6,prefix,e076078,36439ac055c4,551.95,34.49
6,current,8914192,fb402f52e85f,536.61,40.51
7,current,8914192,fb402f52e85f,542.28,35.93
7,prefix,e076078,36439ac055c4,533.91,43.32
